{"name":"fubarpatsharp.github.io","short_name":"fubarpatsharp.github.io","description":"fubarpatsharp&#39;s portfolio","icons":[{"src":"/_nuxt/icons/icon_64.167fa5.png","sizes":"64x64","type":"image/png"},{"src":"/_nuxt/icons/icon_120.167fa5.png","sizes":"120x120","type":"image/png"},{"src":"/_nuxt/icons/icon_144.167fa5.png","sizes":"144x144","type":"image/png"},{"src":"/_nuxt/icons/icon_152.167fa5.png","sizes":"152x152","type":"image/png"},{"src":"/_nuxt/icons/icon_192.167fa5.png","sizes":"192x192","type":"image/png"},{"src":"/_nuxt/icons/icon_384.167fa5.png","sizes":"384x384","type":"image/png"},{"src":"/_nuxt/icons/icon_512.167fa5.png","sizes":"512x512","type":"image/png"}],"start_url":"/?standalone=true","display":"standalone","background_color":"#ffffff","theme_color":"#1a1a1a","lang":"en"}